image_id,file_name,width,height,number_of_people,number_of_people_with_keypoints,total_visible_keypoints,largest_person_area,person_size_category_summary
542,000000000542.jpg,640,484,12,10,102,7770.9787,s2_m10_l0
1580,000000001580.jpg,640,480,9,5,72,16943.36185,s4_m2_l3
2184,000000002184.jpg,640,427,10,9,116,15588.78115,s1_m7_l2
3378,000000003378.jpg,427,640,13,9,93,17030.0995,s4_m7_l2
4684,000000004684.jpg,640,480,12,7,77,26304.7969,s5_m3_l4
5260,000000005260.jpg,640,427,12,10,126,7801.7202,s2_m10_l0
6216,000000006216.jpg,640,427,13,8,70,13324.63485,s5_m7_l1
6864,000000006864.jpg,640,427,8,7,93,9342.5957,s1_m6_l1
7256,000000007256.jpg,640,346,6,6,79,18045.1307,s0_m3_l3
7524,000000007524.jpg,640,427,13,7,69,5032.9777,s6_m7_l0
7583,000000007583.jpg,640,480,13,9,73,12480.22655,s4_m7_l2
8063,000000008063.jpg,640,428,13,10,89,35154.1427,s3_m7_l3
8581,000000008581.jpg,640,343,11,9,82,18771.8591,s2_m7_l2
8589,000000008589.jpg,640,428,13,9,108,17647.08375,s4_m8_l1
8979,000000008979.jpg,640,425,13,12,80,28961.4456,s1_m11_l1
9133,000000009133.jpg,640,360,13,11,129,5620.1457,s2_m11_l0
9929,000000009929.jpg,333,500,13,11,72,8688.5846,s2_m11_l0
10705,000000010705.jpg,640,480,11,9,74,17849.27475,s2_m7_l2
11015,000000011015.jpg,640,480,10,10,134,10007.8861,s0_m9_l1
11576,000000011576.jpg,640,480,12,11,136,13051.82975,s1_m7_l4
11826,000000011826.jpg,640,480,10,10,116,21555.78705,s0_m8_l2
12333,000000012333.jpg,640,416,13,13,161,7014.86265,s0_m13_l0
13904,000000013904.jpg,640,640,10,9,104,15238.79735,s1_m7_l2
14807,000000014807.jpg,428,640,13,13,125,23654.0335,s0_m12_l1
15678,000000015678.jpg,640,457,7,7,84,21679.30975,s0_m3_l4
16629,000000016629.jpg,640,480,13,8,94,13900.9984,s5_m7_l1
17799,000000017799.jpg,640,427,13,7,81,8540.901,s6_m7_l0
18224,000000018224.jpg,640,480,13,11,82,31173.9733,s2_m10_l1
18466,000000018466.jpg,500,375,9,9,92,28491.895,s0_m6_l3
18687,000000018687.jpg,640,480,13,10,84,7678.41695,s3_m10_l0
18699,000000018699.jpg,640,480,11,9,96,41856.167,s2_m1_l8
18811,000000018811.jpg,640,611,13,9,69,47616.01475,s4_m6_l3
21248,000000021248.jpg,640,560,12,10,126,19155.96805,s2_m7_l3
22652,000000022652.jpg,640,427,13,11,117,8931.308,s2_m11_l0
22683,000000022683.jpg,640,427,13,12,97,28655.37485,s1_m9_l3
23140,000000023140.jpg,640,427,13,13,101,8521.581,s0_m13_l0
24972,000000024972.jpg,640,358,12,12,190,5887.63785,s0_m12_l0
24991,000000024991.jpg,640,425,7,7,94,4303.2776,s0_m7_l0
25847,000000025847.jpg,640,427,10,8,74,37165.7795,s2_m5_l3
25896,000000025896.jpg,640,501,6,6,79,26900.51345,s0_m1_l5
26027,000000026027.jpg,427,640,11,11,89,16283.44035,s0_m9_l2
26118,000000026118.jpg,500,333,10,9,80,18627.3868,s1_m8_l1
26498,000000026498.jpg,640,640,9,8,75,35176.2183,s1_m5_l3
26782,000000026782.jpg,575,432,13,13,181,10413.18505,s0_m12_l1
27330,000000027330.jpg,640,361,13,13,111,21152.07235,s0_m11_l2
30109,000000030109.jpg,640,478,13,7,94,4672.28855,s6_m7_l0
30879,000000030879.jpg,640,480,5,5,70,9247.19755,s0_m4_l1
31080,000000031080.jpg,640,427,13,8,92,4362.31765,s5_m8_l0
31882,000000031882.jpg,640,427,11,10,76,9941.99035,s1_m9_l1
32932,000000032932.jpg,640,430,10,9,83,23913.21435,s0_m5_l5
33431,000000033431.jpg,640,640,12,11,118,34802.997,s1_m6_l5
33572,000000033572.jpg,500,350,8,7,74,19004.6676,s1_m5_l2
33743,000000033743.jpg,500,414,13,11,117,19829.9604,s2_m9_l2
34616,000000034616.jpg,640,221,7,7,90,10606.535,s0_m6_l1
34632,000000034632.jpg,640,427,13,11,109,20967.38505,s2_m10_l1
35228,000000035228.jpg,427,640,11,8,73,29111.6613,s3_m7_l1
35817,000000035817.jpg,640,428,13,11,106,29034.3408,s2_m7_l4
36101,000000036101.jpg,500,334,8,8,71,22384.0301,s0_m6_l2
36911,000000036911.jpg,640,431,12,7,81,39131.8438,s5_m5_l2
37062,000000037062.jpg,640,412,11,11,124,8868.54515,s0_m11_l0
37932,000000037932.jpg,640,480,13,7,73,27968.9765,s6_m6_l1
38122,000000038122.jpg,640,427,13,8,72,60994.0074,s5_m4_l4
38439,000000038439.jpg,640,480,12,10,84,10899.7649,s2_m9_l1
40643,000000040643.jpg,640,480,10,10,101,6896.0219,s0_m10_l0
41570,000000041570.jpg,640,428,13,8,89,9115.75945,s5_m8_l0
42855,000000042855.jpg,640,427,13,10,105,9526.7311,s3_m9_l1
44054,000000044054.jpg,640,480,13,13,113,18276.1402,s0_m10_l3
44476,000000044476.jpg,566,640,13,13,125,48484.35215,s0_m10_l3
45864,000000045864.jpg,640,427,8,6,79,10229.076,s2_m3_l3
46537,000000046537.jpg,427,640,13,10,83,5655.05905,s3_m10_l0
48267,000000048267.jpg,640,426,13,10,78,38045.2816,s3_m7_l3
48319,000000048319.jpg,640,414,11,10,88,8958.55485,s1_m10_l0
48658,000000048658.jpg,640,480,13,8,101,8310.16165,s5_m8_l0
49120,000000049120.jpg,640,433,13,9,106,20721.5065,s4_m7_l2
49338,000000049338.jpg,640,361,13,6,79,8427.8019,s7_m6_l0
49660,000000049660.jpg,334,500,13,8,108,13588.35365,s5_m7_l1
50013,000000050013.jpg,640,426,11,6,73,41058.39715,s5_m5_l1
50056,000000050056.jpg,424,640,8,6,75,31422.1468,s2_m3_l3
50106,000000050106.jpg,640,419,12,12,136,6206.602,s0_m12_l0
53729,000000053729.jpg,640,480,13,12,109,20566.96515,s1_m7_l5
53823,000000053823.jpg,640,428,13,8,86,35578.7527,s5_m6_l2
54130,000000054130.jpg,640,640,13,11,116,9369.41285,s2_m10_l1
56456,000000056456.jpg,640,430,11,11,78,16660.2792,s0_m9_l2
56699,000000056699.jpg,640,491,11,9,74,11111.83555,s2_m8_l1
56718,000000056718.jpg,640,440,13,7,84,10922.6477,s6_m5_l2
58157,000000058157.jpg,640,360,13,8,119,4569.0971,s5_m8_l0
59167,000000059167.jpg,640,427,13,8,91,9074.8566,s5_m8_l0
59262,000000059262.jpg,640,424,12,12,81,91555.5403,s0_m11_l1
60080,000000060080.jpg,429,640,6,6,72,16124.9647,s0_m4_l2
60387,000000060387.jpg,640,427,11,9,82,47076.31755,s2_m8_l1
60647,000000060647.jpg,640,428,11,10,89,13656.9351,s1_m7_l3
60904,000000060904.jpg,640,457,12,6,86,4161.56065,s6_m6_l0
60951,000000060951.jpg,640,427,12,12,82,70685.06645,s0_m8_l4
61877,000000061877.jpg,640,480,9,9,105,43464.43315,s0_m6_l3
62060,000000062060.jpg,640,334,5,5,70,5659.07905,s0_m5_l0
62109,000000062109.jpg,500,358,13,12,135,8149.4429,s1_m12_l0
62230,000000062230.jpg,480,640,13,13,104,26188.5405,s0_m10_l3
62464,000000062464.jpg,640,480,13,11,130,7465.8792,s2_m11_l0
63791,000000063791.jpg,640,426,8,7,99,16806.517,s1_m6_l1
65518,000000065518.jpg,640,480,12,7,83,3722.01755,s5_m7_l0
67023,000000067023.jpg,640,421,13,9,126,8815.2476,s4_m9_l0
68287,000000068287.jpg,480,640,9,8,73,36460.82965,s1_m4_l4
68701,000000068701.jpg,640,428,7,7,82,22710.94495,s0_m4_l3
68973,000000068973.jpg,640,383,13,12,146,12101.12995,s1_m11_l1
69411,000000069411.jpg,640,445,5,5,75,8972.73365,s0_m5_l0
70478,000000070478.jpg,640,480,7,7,77,28288.4177,s0_m5_l2
72615,000000072615.jpg,500,375,12,11,114,16211.9165,s0_m8_l4
72769,000000072769.jpg,640,272,13,12,73,16655.67085,s1_m10_l2
72829,000000072829.jpg,640,398,12,12,140,13018.4541,s0_m11_l1
73199,000000073199.jpg,600,400,6,6,80,26717.09065,s0_m0_l6
73620,000000073620.jpg,640,425,13,7,77,69027.6003,s6_m3_l4
75646,000000075646.jpg,640,483,11,11,139,19666.9893,s0_m4_l7
76101,000000076101.jpg,640,428,13,10,97,4863.86485,s3_m10_l0
77100,000000077100.jpg,640,427,12,10,103,5794.9673,s2_m10_l0
77517,000000077517.jpg,640,471,11,10,106,10103.29535,s1_m8_l2
77954,000000077954.jpg,476,640,13,10,109,28547.67575,s3_m9_l1
78322,000000078322.jpg,640,456,9,9,101,26197.89405,s0_m0_l9
78412,000000078412.jpg,640,480,13,11,118,7843.67515,s2_m11_l0
78425,000000078425.jpg,640,426,13,9,83,41963.1237,s4_m5_l4
78813,000000078813.jpg,640,427,12,9,108,15486.896,s3_m8_l1
80698,000000080698.jpg,640,480,13,8,98,8620.2233,s5_m8_l0
81143,000000081143.jpg,640,480,13,11,122,6463.75255,s2_m11_l0
82372,000000082372.jpg,640,427,13,6,81,8099.61705,s7_m6_l0
82874,000000082874.jpg,640,506,8,8,101,25314.6204,s0_m4_l4
83005,000000083005.jpg,640,427,12,10,97,19253.9578,s2_m9_l1
83332,000000083332.jpg,640,425,13,6,76,5218.4817,s7_m6_l0
83766,000000083766.jpg,640,361,11,10,105,3941.8855,s1_m10_l0
84084,000000084084.jpg,640,436,13,12,97,64186.3579,s1_m10_l2
84529,000000084529.jpg,640,427,12,9,69,6812.69415,s3_m9_l0
85381,000000085381.jpg,640,426,13,6,72,3673.2773,s7_m6_l0
86329,000000086329.jpg,640,425,13,9,121,7387.43185,s4_m9_l0
86790,000000086790.jpg,640,480,8,6,72,20561.80715,s2_m3_l3
88663,000000088663.jpg,640,466,13,13,109,14618.94115,s0_m11_l2
88682,000000088682.jpg,428,640,13,9,80,5493.1351,s4_m9_l0
89027,000000089027.jpg,640,447,11,8,101,14495.14135,s3_m5_l3
89150,000000089150.jpg,640,488,10,10,125,13077.94095,s0_m8_l2
89557,000000089557.jpg,398,500,12,10,88,51414.3359,s2_m6_l4
90258,000000090258.jpg,640,457,9,8,110,19337.46455,s1_m6_l2
90341,000000090341.jpg,427,640,13,13,87,60409.41095,s0_m12_l1
90344,000000090344.jpg,640,270,13,5,77,5761.42875,s8_m5_l0
90464,000000090464.jpg,640,434,12,12,171,29419.358,s0_m9_l3
91666,000000091666.jpg,640,451,7,7,83,36913.97445,s0_m5_l2
92096,000000092096.jpg,418,640,13,6,86,2408.929,s7_m6_l0
92975,000000092975.jpg,640,409,6,6,81,14820.607,s0_m2_l4
93276,000000093276.jpg,427,640,9,9,77,68649.7139,s0_m7_l2
94920,000000094920.jpg,640,427,12,12,113,27033.46835,s0_m8_l4
95659,000000095659.jpg,640,427,12,6,75,5496.8004,s6_m6_l0
98098,000000098098.jpg,640,480,5,5,82,7546.39725,s0_m5_l0
99398,000000099398.jpg,640,479,13,9,100,3351.5456,s4_m9_l0
101575,000000101575.jpg,640,427,13,13,152,15239.32585,s0_m9_l4
102037,000000102037.jpg,500,335,13,8,74,12334.94595,s5_m6_l2
102451,000000102451.jpg,640,458,9,7,77,39160.19095,s2_m3_l4
103338,000000103338.jpg,640,426,13,11,91,17573.0271,s2_m9_l2
105052,000000105052.jpg,640,480,7,7,79,18170.6247,s0_m2_l5
106463,000000106463.jpg,640,427,13,10,78,45271.0,s3_m9_l1
106470,000000106470.jpg,640,428,13,6,72,9362.09415,s7_m5_l1
106567,000000106567.jpg,640,480,12,10,75,58309.6357,s2_m4_l6
107800,000000107800.jpg,640,480,13,7,72,11877.6561,s6_m6_l1
110156,000000110156.jpg,640,479,5,5,83,22183.54325,s0_m0_l5
113951,000000113951.jpg,640,427,7,7,87,20112.6668,s0_m4_l3
113970,000000113970.jpg,640,427,13,13,140,21129.5757,s0_m8_l5
115006,000000115006.jpg,640,426,13,8,102,3442.2395,s5_m8_l0
115251,000000115251.jpg,393,500,13,7,79,9764.31925,s6_m6_l1
115636,000000115636.jpg,554,640,13,12,93,16299.1405,s1_m8_l4
115791,000000115791.jpg,512,640,7,7,71,69766.02375,s0_m5_l2
116061,000000116061.jpg,500,375,9,7,70,5548.06315,s2_m7_l0
116088,000000116088.jpg,640,480,13,12,115,32468.7647,s1_m9_l3
116096,000000116096.jpg,640,360,13,11,132,5420.17335,s2_m11_l0
116202,000000116202.jpg,332,500,6,6,70,10917.86155,s0_m5_l1
117916,000000117916.jpg,640,426,12,9,77,20344.68765,s3_m6_l3
118848,000000118848.jpg,640,424,8,8,103,19953.6961,s0_m6_l2
119297,000000119297.jpg,640,480,13,10,103,7271.18565,s3_m10_l0
119884,000000119884.jpg,640,426,13,13,89,51763.99695,s0_m9_l4
120052,000000120052.jpg,500,375,13,7,77,6878.2925,s6_m7_l0
120407,000000120407.jpg,500,257,13,12,160,8575.33,s1_m12_l0
121211,000000121211.jpg,640,427,13,7,78,11510.24745,s6_m6_l1
122208,000000122208.jpg,500,376,13,9,85,9257.3445,s4_m8_l1
123360,000000123360.jpg,640,480,13,11,104,30404.68245,s2_m9_l2
123907,000000123907.jpg,640,417,13,13,103,25696.52975,s0_m12_l1
125117,000000125117.jpg,640,480,9,6,77,5993.51945,s3_m6_l0
125380,000000125380.jpg,640,424,12,7,81,9037.0353,s5_m7_l0
125464,000000125464.jpg,500,276,5,5,73,2073.52085,s0_m5_l0
126198,000000126198.jpg,640,427,8,7,97,16449.6038,s1_m4_l3
126246,000000126246.jpg,427,640,13,8,86,5356.3093,s5_m8_l0
126809,000000126809.jpg,640,427,13,8,101,6621.4046,s5_m8_l0
127306,000000127306.jpg,640,480,13,9,77,21701.3717,s4_m8_l1
128278,000000128278.jpg,640,480,13,12,150,9442.6117,s1_m11_l1
128729,000000128729.jpg,500,376,11,11,124,21067.94355,s0_m4_l7
129133,000000129133.jpg,500,375,13,9,110,22636.7193,s4_m7_l2
129568,000000129568.jpg,640,427,13,12,149,8477.15425,s1_m12_l0
129722,000000129722.jpg,640,427,5,5,80,24839.69155,s0_m3_l2
130624,000000130624.jpg,640,480,13,12,69,48464.7135,s1_m10_l2
133492,000000133492.jpg,500,375,8,8,98,14220.9412,s0_m5_l3
134206,000000134206.jpg,640,508,9,9,99,11259.73325,s0_m8_l1
135508,000000135508.jpg,640,509,5,5,79,28113.48575,s0_m4_l1
137288,000000137288.jpg,640,480,13,13,166,10718.14725,s0_m12_l1
138401,000000138401.jpg,640,575,13,13,77,92469.4237,s0_m9_l4
138405,000000138405.jpg,640,438,13,13,83,50164.6797,s0_m10_l3
138569,000000138569.jpg,640,428,13,13,146,14848.32115,s0_m11_l2
138728,000000138728.jpg,500,332,13,6,76,8784.6619,s7_m6_l0
140284,000000140284.jpg,640,480,10,10,70,39062.39125,s0_m7_l3
141251,000000141251.jpg,640,427,13,9,81,9208.89225,s4_m9_l0
141426,000000141426.jpg,640,427,13,8,79,13550.66735,s5_m7_l1
141874,000000141874.jpg,640,425,10,8,88,18296.19335,s2_m5_l3
142418,000000142418.jpg,407,640,5,5,75,22366.2874,s0_m4_l1
143348,000000143348.jpg,640,480,13,12,121,16426.7346,s1_m10_l2
144230,000000144230.jpg,640,425,13,6,75,12651.69535,s7_m4_l2
144252,000000144252.jpg,640,426,13,11,115,50707.03795,s2_m10_l1
145736,000000145736.jpg,640,427,11,11,119,16448.38515,s0_m9_l2
146757,000000146757.jpg,640,427,10,10,79,15141.62285,s0_m9_l1
146865,000000146865.jpg,640,602,10,10,96,33783.94345,s0_m7_l3
147051,000000147051.jpg,640,448,13,10,78,29399.32535,s3_m8_l2
148811,000000148811.jpg,640,480,13,7,99,4940.6222,s6_m7_l0
151521,000000151521.jpg,640,480,13,11,74,39656.85115,s2_m7_l4
151594,000000151594.jpg,640,426,12,11,126,17012.6224,s1_m8_l3
151732,000000151732.jpg,640,480,13,13,134,26490.19165,s0_m6_l7
152499,000000152499.jpg,640,480,9,9,94,17197.21215,s0_m8_l1
152588,000000152588.jpg,590,640,13,11,103,53750.94615,s2_m9_l2
153224,000000153224.jpg,640,426,13,13,155,7891.5945,s0_m13_l0
153460,000000153460.jpg,500,375,13,12,132,12688.2118,s1_m11_l1
155811,000000155811.jpg,640,427,12,10,106,23335.32745,s2_m7_l3
156312,000000156312.jpg,640,428,12,12,73,11301.88695,s0_m10_l2
156620,000000156620.jpg,427,640,12,8,69,58530.99815,s4_m5_l3
157872,000000157872.jpg,640,429,12,11,127,15122.01165,s1_m8_l3
157918,000000157918.jpg,500,375,11,9,113,21254.0689,s2_m8_l1
158207,000000158207.jpg,640,376,6,6,77,5703.1667,s0_m6_l0
158451,000000158451.jpg,640,427,7,7,95,13126.9757,s0_m6_l1
159225,000000159225.jpg,640,427,12,8,82,22480.4782,s4_m7_l1
159714,000000159714.jpg,640,458,13,8,78,7679.7257,s5_m8_l0
160669,000000160669.jpg,640,427,13,12,132,25429.101,s1_m9_l3
160931,000000160931.jpg,640,480,9,8,101,4614.75625,s1_m8_l0
160932,000000160932.jpg,640,426,10,10,130,16253.4241,s0_m7_l3
161234,000000161234.jpg,640,426,13,10,121,3391.86845,s3_m10_l0
164842,000000164842.jpg,640,453,10,7,73,8744.4656,s3_m7_l0
164871,000000164871.jpg,640,300,13,8,79,23243.83635,s5_m6_l2
166776,000000166776.jpg,640,427,13,11,141,12800.49905,s2_m10_l1
167551,000000167551.jpg,640,427,6,6,81,6093.74105,s0_m6_l0
168090,000000168090.jpg,640,427,6,6,85,9223.47555,s0_m5_l1
168296,000000168296.jpg,640,427,13,10,126,5600.38455,s3_m10_l0
168334,000000168334.jpg,500,334,11,11,77,33050.12635,s0_m7_l4
168583,000000168583.jpg,640,480,12,8,72,30585.8789,s4_m5_l3
169382,000000169382.jpg,511,640,13,10,99,8915.6203,s3_m10_l0
170962,000000170962.jpg,640,457,11,11,72,38975.88245,s0_m7_l4
171967,000000171967.jpg,640,448,13,12,88,15879.74595,s1_m10_l2
172439,000000172439.jpg,640,429,13,10,78,15097.7797,s3_m8_l2
172543,000000172543.jpg,640,431,7,6,78,5642.8412,s1_m6_l0
175530,000000175530.jpg,479,640,13,8,97,12430.74665,s5_m7_l1
176588,000000176588.jpg,640,427,13,10,117,9358.1981,s3_m9_l1
176730,000000176730.jpg,640,427,13,12,107,8098.8548,s1_m12_l0
177954,000000177954.jpg,640,478,9,8,75,11870.64485,s1_m7_l1
178566,000000178566.jpg,332,500,13,11,105,16511.4254,s2_m10_l1
179960,000000179960.jpg,640,427,11,6,73,13161.7084,s5_m5_l1
179964,000000179964.jpg,567,640,13,12,113,29902.0645,s1_m11_l1
180539,000000180539.jpg,640,427,13,7,101,34641.5938,s6_m4_l3
180641,000000180641.jpg,640,433,12,6,75,10936.5643,s6_m5_l1
181769,000000181769.jpg,640,426,13,7,78,31910.1779,s6_m4_l3
185229,000000185229.jpg,460,640,10,9,93,48432.8577,s1_m5_l4
187277,000000187277.jpg,640,426,7,7,86,19593.3795,s0_m6_l1
187496,000000187496.jpg,612,612,12,8,69,29705.98605,s4_m4_l4
188029,000000188029.jpg,640,427,8,8,94,10943.5354,s0_m7_l1
188862,000000188862.jpg,640,426,10,7,86,22613.2061,s3_m5_l2
189148,000000189148.jpg,640,480,13,11,88,16767.5651,s2_m10_l1
189296,000000189296.jpg,640,480,13,13,145,11779.4916,s0_m12_l1
189780,000000189780.jpg,630,640,13,10,96,4356.53565,s3_m10_l0
191850,000000191850.jpg,640,424,13,10,112,6620.24855,s3_m10_l0
193213,000000193213.jpg,500,375,9,9,73,21507.48075,s0_m8_l1
194346,000000194346.jpg,640,480,11,6,74,7156.35935,s5_m6_l0
195484,000000195484.jpg,640,480,12,11,99,56269.3264,s1_m10_l1
196418,000000196418.jpg,500,375,13,9,99,26631.2999,s4_m8_l1
196723,000000196723.jpg,640,378,13,9,102,7654.6103,s4_m9_l0
197221,000000197221.jpg,640,426,9,8,89,10741.1944,s1_m4_l4
197636,000000197636.jpg,640,427,10,6,70,2694.9796,s4_m6_l0
198323,000000198323.jpg,640,424,5,5,72,20289.61285,s0_m3_l2
198596,000000198596.jpg,640,480,13,6,86,22038.995,s7_m5_l1
199152,000000199152.jpg,640,426,13,12,82,10861.63125,s1_m10_l2
199577,000000199577.jpg,640,480,8,8,93,17345.77155,s0_m5_l3
201726,000000201726.jpg,640,640,13,6,94,12035.73375,s7_m1_l5
201736,000000201736.jpg,640,480,12,8,76,25703.9111,s4_m6_l2
202767,000000202767.jpg,640,480,9,7,72,33334.66235,s1_m4_l4
203798,000000203798.jpg,640,427,9,9,73,10307.6521,s0_m8_l1
209232,000000209232.jpg,640,482,13,11,87,46853.50715,s2_m8_l3
209768,000000209768.jpg,640,411,6,6,92,3021.5596,s0_m6_l0
211097,000000211097.jpg,640,428,13,12,134,21053.21725,s1_m11_l1
212303,000000212303.jpg,640,480,8,7,76,73530.1766,s1_m6_l1
212817,000000212817.jpg,640,478,10,5,71,13422.45105,s5_m4_l1
212920,000000212920.jpg,640,480,13,10,131,9996.92535,s3_m9_l1
213785,000000213785.jpg,500,333,13,9,103,6863.73505,s4_m9_l0
214385,000000214385.jpg,640,360,13,10,115,14240.562,s3_m9_l1
215070,000000215070.jpg,640,427,11,10,103,19705.2239,s1_m4_l6
216114,000000216114.jpg,640,427,9,8,106,11672.45645,s1_m7_l1
216581,000000216581.jpg,640,424,13,12,99,24023.64995,s0_m8_l5
216930,000000216930.jpg,427,640,13,8,97,23558.09115,s5_m7_l1
217223,000000217223.jpg,640,480,13,12,166,2891.65495,s1_m12_l0
218855,000000218855.jpg,640,480,6,6,71,48212.96855,s0_m2_l4
219393,000000219393.jpg,640,361,6,6,73,13547.777,s0_m5_l1
222640,000000222640.jpg,469,640,11,9,78,104518.12895,s2_m7_l2
224336,000000224336.jpg,500,481,8,8,126,3798.17135,s0_m8_l0
224358,000000224358.jpg,640,627,11,9,79,28058.25315,s2_m8_l1
224757,000000224757.jpg,640,427,10,10,105,22103.6534,s0_m7_l3
225104,000000225104.jpg,427,640,13,7,103,14166.55295,s6_m6_l1
225494,000000225494.jpg,640,426,13,6,87,24958.96795,s7_m4_l2
226472,000000226472.jpg,480,640,13,9,73,24487.64035,s4_m6_l3
227109,000000227109.jpg,640,441,13,7,70,9899.15375,s6_m6_l1
228206,000000228206.jpg,640,433,6,6,76,7215.55465,s0_m6_l0
228356,000000228356.jpg,640,450,12,12,107,31332.0549,s0_m4_l8
228876,000000228876.jpg,500,500,10,9,114,13601.85955,s1_m7_l2
228974,000000228974.jpg,640,425,12,12,92,40743.3091,s0_m5_l7
229357,000000229357.jpg,640,427,9,9,100,21864.10825,s0_m0_l9
230601,000000230601.jpg,427,640,13,10,127,5970.73585,s3_m10_l0
230863,000000230863.jpg,640,424,13,11,146,15925.3159,s2_m10_l1
231524,000000231524.jpg,640,427,13,12,89,32467.7828,s1_m9_l3
233224,000000233224.jpg,640,502,9,9,76,35298.4647,s0_m7_l2
233500,000000233500.jpg,640,480,13,7,98,8576.3069,s6_m7_l0
233642,000000233642.jpg,640,480,10,10,85,23447.04145,s0_m5_l5
234550,000000234550.jpg,640,427,13,9,80,22491.54665,s4_m7_l2
234994,000000234994.jpg,640,426,13,6,80,5407.3272,s7_m6_l0
236176,000000236176.jpg,451,640,13,13,154,10470.61235,s0_m12_l1
236222,000000236222.jpg,640,480,12,6,69,4632.61645,s6_m6_l0
236556,000000236556.jpg,427,640,13,11,124,52938.60385,s2_m7_l4
237420,000000237420.jpg,640,480,13,6,86,3261.98915,s7_m6_l0
237848,000000237848.jpg,500,333,13,10,99,31845.75,s3_m9_l1
238260,000000238260.jpg,425,640,11,9,97,10968.42735,s2_m8_l1
240344,000000240344.jpg,640,449,13,7,81,29091.5238,s6_m4_l3
240467,000000240467.jpg,500,142,9,7,111,3055.2343,s2_m7_l0
240811,000000240811.jpg,640,480,12,7,71,5730.67845,s5_m7_l0
243176,000000243176.jpg,640,426,13,13,124,43102.4737,s0_m11_l2
243875,000000243875.jpg,640,457,13,13,160,17110.827,s0_m12_l1
244171,000000244171.jpg,640,426,13,12,88,17451.38375,s1_m9_l3
244748,000000244748.jpg,500,167,11,6,73,2470.47095,s5_m6_l0
246636,000000246636.jpg,640,427,11,9,83,9420.5687,s2_m8_l1
246718,000000246718.jpg,640,428,13,10,72,20666.5433,s3_m5_l5
246719,000000246719.jpg,640,480,13,13,139,10478.13795,s0_m12_l1
246755,000000246755.jpg,640,320,6,6,80,18164.90845,s0_m2_l4
246843,000000246843.jpg,375,500,5,5,76,3390.6741,s0_m5_l0
247057,000000247057.jpg,473,640,11,9,86,16197.7671,s2_m8_l1
247475,000000247475.jpg,640,480,10,9,87,23439.7117,s1_m6_l3
248703,000000248703.jpg,640,426,10,8,125,10972.28515,s2_m7_l1
248745,000000248745.jpg,640,428,8,7,88,21585.60325,s1_m6_l1
249184,000000249184.jpg,640,480,9,7,88,18776.19075,s2_m4_l3
251242,000000251242.jpg,640,480,13,13,90,23133.264,s0_m7_l6
251578,000000251578.jpg,640,427,8,8,77,23546.19115,s0_m0_l8
252576,000000252576.jpg,426,640,7,7,69,51037.2292,s0_m3_l4
254449,000000254449.jpg,640,360,13,7,88,12056.1763,s6_m6_l1
255983,000000255983.jpg,640,427,10,8,93,20712.37265,s2_m4_l4
257099,000000257099.jpg,480,640,10,7,71,42305.7401,s3_m5_l2
257231,000000257231.jpg,640,480,6,6,77,12404.6029,s0_m4_l2
257275,000000257275.jpg,640,354,13,9,93,4888.43095,s4_m9_l0
257874,000000257874.jpg,500,333,13,9,69,24268.95345,s4_m6_l3
258837,000000258837.jpg,640,419,13,6,69,30129.25915,s7_m5_l1
259761,000000259761.jpg,640,425,13,13,80,24381.06745,s0_m6_l7
259793,000000259793.jpg,640,480,11,9,77,20522.91625,s2_m6_l3
260166,000000260166.jpg,640,480,13,6,79,5550.76725,s7_m6_l0
260772,000000260772.jpg,640,427,13,10,86,19326.8917,s3_m8_l2
261742,000000261742.jpg,500,331,12,11,117,4372.97995,s1_m11_l0
262124,000000262124.jpg,640,570,11,10,93,26936.155,s1_m5_l5
262145,000000262145.jpg,640,427,13,8,73,21258.0,s5_m7_l1
262935,000000262935.jpg,640,480,13,8,83,16087.4171,s5_m6_l2
263011,000000263011.jpg,640,329,13,12,131,8790.9151,s1_m12_l0
264499,000000264499.jpg,640,480,11,11,155,10534.0822,s0_m8_l3
264526,000000264526.jpg,640,427,13,8,89,25304.63135,s5_m4_l4
265080,000000265080.jpg,500,238,13,5,70,7865.1897,s8_m5_l0
265938,000000265938.jpg,640,427,13,10,98,6556.60985,s3_m10_l0
267123,000000267123.jpg,640,473,11,11,139,22546.1635,s0_m6_l5
267324,000000267324.jpg,640,480,10,10,95,65931.2904,s0_m6_l4
268622,000000268622.jpg,640,499,12,12,125,24461.2704,s0_m8_l4
269986,000000269986.jpg,640,417,10,7,81,52066.18275,s3_m2_l5
270586,000000270586.jpg,640,427,6,6,80,8631.6241,s0_m6_l0
271011,000000271011.jpg,640,474,7,6,72,51213.03435,s1_m3_l3
272194,000000272194.jpg,640,428,10,10,88,20753.2967,s0_m8_l2
274039,000000274039.jpg,640,426,8,7,73,18509.59,s1_m2_l5
275190,000000275190.jpg,640,379,13,11,99,27596.0333,s2_m8_l3
275304,000000275304.jpg,640,448,8,8,74,21556.2956,s0_m1_l7
275432,000000275432.jpg,480,640,12,11,122,18950.7014,s0_m11_l1
275502,000000275502.jpg,640,480,13,12,99,5864.18255,s1_m12_l0
276062,000000276062.jpg,640,480,13,6,84,6796.9422,s7_m6_l0
276542,000000276542.jpg,640,480,8,6,82,11440.28865,s2_m4_l2
277383,000000277383.jpg,335,500,11,8,79,20849.17105,s3_m6_l2
279895,000000279895.jpg,640,427,6,6,72,27316.25485,s0_m1_l5
280008,000000280008.jpg,500,333,12,6,77,8247.27815,s6_m6_l0
282803,000000282803.jpg,640,414,13,13,135,4358.45855,s0_m13_l0
284749,000000284749.jpg,427,640,12,6,69,3933.4198,s6_m6_l0
284964,000000284964.jpg,398,640,8,6,80,20697.13595,s2_m4_l2
285285,000000285285.jpg,640,421,6,6,73,7071.36055,s0_m6_l0
285462,000000285462.jpg,640,480,13,9,92,38192.9961,s4_m7_l2
285570,000000285570.jpg,640,360,11,9,78,15474.5965,s2_m6_l3
286137,000000286137.jpg,640,483,8,7,90,17390.31525,s1_m1_l6
286611,000000286611.jpg,480,640,13,13,123,32582.58435,s0_m12_l1
286711,000000286711.jpg,640,353,13,8,114,2990.3571,s5_m8_l0
288204,000000288204.jpg,640,480,13,12,111,26423.98575,s1_m8_l4
288403,000000288403.jpg,612,612,5,5,71,26903.228,s0_m3_l2
288548,000000288548.jpg,640,426,11,11,97,28741.0094,s0_m6_l5
289147,000000289147.jpg,640,480,13,13,99,30801.18825,s0_m10_l3
289474,000000289474.jpg,640,480,13,7,93,1421.6675,s6_m7_l0
291370,000000291370.jpg,640,361,10,7,70,37147.74485,s3_m4_l3
292444,000000292444.jpg,640,480,11,9,102,7667.35365,s2_m9_l0
292549,000000292549.jpg,640,427,9,9,72,25953.12175,s0_m7_l2
292554,000000292554.jpg,640,427,13,9,110,9745.70665,s4_m8_l1
293802,000000293802.jpg,425,640,12,7,75,33417.00955,s5_m6_l1
294124,000000294124.jpg,640,480,13,13,71,66467.2319,s0_m6_l7
294397,000000294397.jpg,640,198,13,6,78,2269.08895,s7_m6_l0
295082,000000295082.jpg,548,640,13,13,127,9944.79325,s0_m12_l1
295399,000000295399.jpg,640,424,13,12,86,11226.55195,s1_m10_l2
295499,000000295499.jpg,433,640,10,9,96,12980.8853,s1_m6_l3
297522,000000297522.jpg,640,386,13,9,105,21268.21445,s4_m7_l2
297645,000000297645.jpg,640,480,13,11,117,14094.5095,s2_m8_l3
297811,000000297811.jpg,426,640,13,9,101,8634.9513,s4_m9_l0
298458,000000298458.jpg,640,480,11,11,124,37399.4908,s0_m6_l5
299394,000000299394.jpg,640,480,5,5,72,2325.8159,s0_m5_l0
299623,000000299623.jpg,640,427,13,9,99,11462.29215,s4_m8_l1
299786,000000299786.jpg,640,426,13,13,78,44877.6954,s0_m11_l2
300855,000000300855.jpg,480,640,13,9,114,3447.69285,s4_m9_l0
301110,000000301110.jpg,640,426,13,10,82,15367.3432,s3_m9_l1
301134,000000301134.jpg,640,425,13,7,85,3331.3091,s6_m7_l0
301257,000000301257.jpg,640,424,8,8,69,14771.2725,s0_m6_l2
301855,000000301855.jpg,500,375,10,8,96,11180.43785,s2_m7_l1
301971,000000301971.jpg,640,429,13,10,83,6428.5358,s3_m10_l0
302078,000000302078.jpg,640,376,13,8,101,6950.38,s5_m8_l0
302213,000000302213.jpg,640,480,12,6,72,11192.81105,s6_m5_l1
302498,000000302498.jpg,640,427,13,9,110,14151.2394,s4_m7_l2
302569,000000302569.jpg,640,480,13,10,132,31568.49855,s3_m9_l1
303897,000000303897.jpg,500,348,7,7,74,16011.74095,s0_m6_l1
303991,000000303991.jpg,640,427,10,10,70,9743.8379,s0_m9_l1
304963,000000304963.jpg,500,375,13,5,70,3055.05655,s8_m5_l0
306353,000000306353.jpg,640,234,7,7,93,5768.96565,s0_m7_l0
307238,000000307238.jpg,640,427,13,12,70,22125.8085,s1_m9_l3
308470,000000308470.jpg,640,480,11,9,86,45793.84415,s2_m4_l5
309319,000000309319.jpg,427,640,7,6,71,23532.5379,s1_m5_l1
309771,000000309771.jpg,640,480,13,13,142,14151.27945,s0_m12_l1
310008,000000310008.jpg,457,640,13,12,86,44007.6498,s1_m9_l3
310338,000000310338.jpg,640,435,12,7,83,7280.19645,s5_m7_l0
312015,000000312015.jpg,612,612,13,11,81,54970.0221,s2_m8_l3
312937,000000312937.jpg,500,332,13,10,107,8298.7884,s3_m10_l0
313955,000000313955.jpg,500,336,13,6,80,9499.8952,s7_m5_l1
314390,000000314390.jpg,640,427,13,7,88,12832.8017,s6_m6_l1
314667,000000314667.jpg,640,426,6,5,80,8258.1476,s1_m5_l0
314949,000000314949.jpg,640,427,13,11,137,6780.1652,s2_m11_l0
315173,000000315173.jpg,640,506,10,7,78,5183.6328,s3_m7_l0
315352,000000315352.jpg,640,426,13,10,113,2954.83065,s3_m10_l0
315462,000000315462.jpg,640,378,13,11,122,10570.566,s2_m10_l1
315476,000000315476.jpg,500,360,11,9,103,21950.61065,s2_m5_l4
315504,000000315504.jpg,333,500,12,8,82,20714.6323,s4_m6_l2
316782,000000316782.jpg,640,457,13,7,78,2102.2959,s6_m7_l0
318333,000000318333.jpg,640,427,12,8,104,14881.00445,s4_m5_l3
320428,000000320428.jpg,640,480,11,9,104,15564.126,s2_m7_l2
320429,000000320429.jpg,640,427,13,7,79,13892.5073,s6_m6_l1
321794,000000321794.jpg,640,425,13,9,106,15071.4854,s4_m8_l1
321821,000000321821.jpg,640,427,13,9,85,12566.88745,s4_m7_l2
322106,000000322106.jpg,612,612,9,8,97,43411.01025,s1_m6_l2
322695,000000322695.jpg,640,426,7,7,73,3494.05175,s0_m7_l0
322892,000000322892.jpg,640,427,13,7,81,1804.3683,s6_m7_l0
323478,000000323478.jpg,427,640,12,8,81,12662.37495,s4_m5_l3
324143,000000324143.jpg,640,428,12,7,99,8384.7326,s5_m7_l0
324638,000000324638.jpg,640,479,13,10,92,59475.43675,s3_m5_l5
325080,000000325080.jpg,333,500,13,12,114,5468.9887,s1_m12_l0
325115,000000325115.jpg,640,426,11,9,112,15743.2595,s2_m7_l2
326706,000000326706.jpg,640,426,13,8,82,14461.67405,s5_m5_l3
327055,000000327055.jpg,640,480,13,7,79,17800.4899,s6_m2_l5
327088,000000327088.jpg,640,480,10,10,144,18666.3342,s0_m7_l3
327527,000000327527.jpg,640,428,13,11,96,17443.46285,s1_m10_l2
327573,000000327573.jpg,488,640,11,10,91,43347.21365,s1_m7_l3
329752,000000329752.jpg,640,480,8,6,85,27312.7681,s2_m5_l1
329831,000000329831.jpg,640,427,8,5,70,17806.4156,s3_m4_l1
330403,000000330403.jpg,640,418,13,11,160,4802.488,s2_m11_l0
330614,000000330614.jpg,640,426,12,9,105,6883.0822,s3_m9_l0
330909,000000330909.jpg,640,480,11,11,97,38988.6761,s0_m6_l5
330932,000000330932.jpg,640,312,5,5,71,11653.5127,s0_m4_l1
331082,000000331082.jpg,528,640,13,10,104,19801.6607,s3_m8_l2
331315,000000331315.jpg,640,359,9,8,118,14190.90305,s1_m7_l1
331670,000000331670.jpg,640,426,10,10,69,30862.5087,s0_m6_l4
331959,000000331959.jpg,500,334,13,10,123,11879.30925,s3_m8_l2
333081,000000333081.jpg,640,427,11,9,74,73989.0751,s2_m6_l3
333665,000000333665.jpg,455,640,9,7,77,24945.5417,s2_m4_l3
334034,000000334034.jpg,640,480,13,11,116,15168.87765,s2_m8_l3
334075,000000334075.jpg,640,293,13,10,101,8576.5054,s3_m10_l0
335065,000000335065.jpg,640,427,8,8,82,18227.84475,s0_m4_l4
335479,000000335479.jpg,480,640,11,11,71,32314.4618,s0_m7_l4
335984,000000335984.jpg,640,428,13,8,87,12038.32395,s5_m6_l2
336812,000000336812.jpg,480,640,12,6,75,15308.1987,s6_m5_l1
337044,000000337044.jpg,500,375,13,9,91,7798.75155,s4_m9_l0
338417,000000338417.jpg,640,480,13,12,73,23065.24545,s1_m6_l6
338704,000000338704.jpg,640,426,8,8,126,9239.82885,s0_m7_l1
338833,000000338833.jpg,640,360,12,9,82,9850.14335,s3_m6_l3
339489,000000339489.jpg,640,512,13,7,75,73341.65625,s6_m5_l2
339545,000000339545.jpg,640,424,9,9,73,43515.96145,s0_m6_l3
342049,000000342049.jpg,640,416,13,5,73,18361.7739,s8_m1_l4
342260,000000342260.jpg,577,640,9,7,91,46396.03115,s2_m5_l2
343422,000000343422.jpg,640,425,10,10,94,14406.6621,s0_m9_l1
344896,000000344896.jpg,480,640,13,8,81,104536.3237,s5_m5_l3
345172,000000345172.jpg,640,616,10,9,74,38776.32,s0_m8_l2
345833,000000345833.jpg,640,480,13,11,90,136530.64685,s2_m7_l4
346468,000000346468.jpg,427,640,10,8,70,19501.7182,s2_m4_l4
347604,000000347604.jpg,640,320,6,6,77,8424.94955,s0_m6_l0
348274,000000348274.jpg,640,480,13,13,154,3939.32265,s0_m13_l0
349199,000000349199.jpg,640,426,12,10,101,10400.0686,s2_m8_l2
349393,000000349393.jpg,640,394,13,7,85,1587.87555,s6_m7_l0
349827,000000349827.jpg,640,480,13,8,75,20763.03175,s5_m6_l2
349926,000000349926.jpg,640,427,9,9,89,15222.8029,s0_m5_l4
350327,000000350327.jpg,640,503,13,13,139,10034.48555,s0_m11_l2
350444,000000350444.jpg,640,427,13,8,116,4494.3124,s5_m8_l0
351514,000000351514.jpg,640,480,13,10,84,13517.8514,s3_m9_l1
351875,000000351875.jpg,640,427,13,12,95,34159.8968,s1_m9_l3
352247,000000352247.jpg,640,480,13,11,128,6057.0851,s2_m11_l0
353653,000000353653.jpg,640,480,9,9,119,15022.6134,s0_m5_l4
353809,000000353809.jpg,640,425,11,9,85,9022.9328,s2_m9_l0
354813,000000354813.jpg,426,640,13,13,89,38359.4191,s0_m12_l1
356394,000000356394.jpg,640,480,12,7,69,16181.16355,s5_m4_l3
356414,000000356414.jpg,640,363,13,5,71,5727.7855,s8_m5_l0
357339,000000357339.jpg,640,424,13,13,79,73317.2139,s0_m7_l6
357354,000000357354.jpg,640,409,11,8,79,4369.99095,s3_m8_l0
358706,000000358706.jpg,640,372,11,11,117,13148.37735,s0_m8_l3
362797,000000362797.jpg,640,428,13,8,95,3830.83045,s5_m8_l0
363257,000000363257.jpg,427,640,13,13,119,27468.3506,s0_m12_l1
363560,000000363560.jpg,640,424,6,6,74,3997.82065,s0_m6_l0
364104,000000364104.jpg,480,640,13,7,76,5268.24555,s6_m7_l0
365724,000000365724.jpg,500,376,13,12,104,9861.64095,s1_m10_l2
366139,000000366139.jpg,640,426,13,7,84,5675.96685,s6_m7_l0
366470,000000366470.jpg,640,426,13,8,87,14370.612,s5_m7_l1
367519,000000367519.jpg,640,236,9,7,92,5480.79335,s2_m7_l0
367538,000000367538.jpg,640,480,13,13,111,16696.7363,s0_m7_l6
367753,000000367753.jpg,375,500,13,7,73,7893.9207,s6_m7_l0
368249,000000368249.jpg,500,414,9,6,69,28271.7387,s3_m4_l2
369326,000000369326.jpg,640,431,13,9,116,10451.2794,s4_m7_l2
369782,000000369782.jpg,628,640,12,12,105,28964.08665,s0_m5_l7
370591,000000370591.jpg,640,425,13,12,103,17877.20405,s1_m9_l3
372113,000000372113.jpg,640,425,10,8,81,26093.29025,s2_m3_l5
372258,000000372258.jpg,624,416,13,11,148,13627.4705,s2_m10_l1
372804,000000372804.jpg,640,427,13,8,78,7368.70775,s5_m8_l0
372913,000000372913.jpg,640,425,5,5,71,16100.75335,s0_m3_l2
374302,000000374302.jpg,640,418,11,10,77,10282.07305,s1_m8_l2
374342,000000374342.jpg,480,640,13,13,167,9947.8307,s0_m12_l1
375108,000000375108.jpg,640,360,13,8,106,11528.14885,s5_m6_l2
375286,000000375286.jpg,640,429,13,10,125,2362.01195,s3_m10_l0
375989,000000375989.jpg,640,427,13,7,72,26744.589,s6_m5_l2
376009,000000376009.jpg,640,426,12,11,125,7711.6161,s1_m11_l0
376719,000000376719.jpg,500,339,13,13,73,34783.8623,s0_m12_l1
377241,000000377241.jpg,640,480,13,12,73,11588.8916,s1_m9_l3
377715,000000377715.jpg,428,640,7,6,78,10255.0368,s0_m6_l1
378522,000000378522.jpg,640,427,12,12,109,18663.88855,s0_m10_l2
379211,000000379211.jpg,640,427,12,11,137,21853.62955,s1_m1_l10
381932,000000381932.jpg,640,427,13,9,94,32803.0586,s2_m10_l1
382100,000000382100.jpg,640,426,13,9,112,31105.71305,s4_m6_l3
382350,000000382350.jpg,640,413,13,6,75,14906.7906,s7_m5_l1
382625,000000382625.jpg,640,424,9,8,79,24503.53545,s1_m3_l5
382695,000000382695.jpg,640,462,13,13,120,30490.31275,s0_m8_l5
382731,000000382731.jpg,640,521,13,12,97,45193.89005,s1_m4_l8
385701,000000385701.jpg,640,480,13,8,88,13341.83625,s5_m7_l1
385913,000000385913.jpg,640,480,13,11,117,31450.7563,s2_m2_l9
386272,000000386272.jpg,500,375,12,9,81,8318.49085,s3_m9_l0
387109,000000387109.jpg,640,360,13,8,105,2336.21615,s5_m8_l0
387328,000000387328.jpg,640,425,10,7,90,2491.2207,s3_m7_l0
387514,000000387514.jpg,640,427,13,11,93,27776.11365,s2_m9_l2
388508,000000388508.jpg,500,333,13,11,100,15573.27255,s2_m7_l4
389644,000000389644.jpg,640,480,11,8,71,17017.2849,s3_m3_l5
392222,000000392222.jpg,640,426,7,5,85,16277.67775,s2_m3_l2
392878,000000392878.jpg,640,427,13,11,88,18303.668,s2_m10_l1
393140,000000393140.jpg,640,441,10,8,75,57758.14485,s2_m6_l2
393826,000000393826.jpg,640,426,7,7,85,14375.3397,s0_m6_l1
394303,000000394303.jpg,500,393,12,8,69,3923.16055,s3_m9_l0
394583,000000394583.jpg,640,425,13,10,104,22131.14985,s3_m7_l3
394748,000000394748.jpg,640,244,13,11,91,11333.30585,s2_m9_l2
394921,000000394921.jpg,427,640,6,6,72,22946.4572,s0_m3_l3
395527,000000395527.jpg,640,480,6,6,76,24499.5895,s0_m0_l6
396762,000000396762.jpg,640,471,7,6,74,5184.9053,s1_m6_l0
396845,000000396845.jpg,640,480,13,7,81,21184.00525,s6_m2_l5
397355,000000397355.jpg,500,332,13,12,74,4978.3259,s1_m12_l0
398246,000000398246.jpg,640,478,11,6,72,31496.07095,s5_m3_l3
398901,000000398901.jpg,640,478,13,13,155,17140.7624,s0_m2_l11
401197,000000401197.jpg,640,439,8,8,77,21931.6635,s0_m4_l4
401369,000000401369.jpg,640,480,8,7,87,11835.86155,s1_m6_l1
401625,000000401625.jpg,640,428,8,7,76,3859.1201,s1_m7_l0
401857,000000401857.jpg,640,458,13,7,80,4283.4078,s6_m7_l0
402206,000000402206.jpg,640,480,13,11,87,17737.6781,s2_m8_l3
402228,000000402228.jpg,500,375,8,8,81,9043.738,s0_m8_l0
402499,000000402499.jpg,640,426,7,7,110,9779.1096,s0_m6_l1
402705,000000402705.jpg,427,640,13,11,109,50567.08575,s2_m8_l3
404226,000000404226.jpg,500,333,13,11,96,7953.7711,s2_m11_l0
404655,000000404655.jpg,640,444,13,12,146,19931.5224,s1_m9_l3
404847,000000404847.jpg,640,427,13,8,73,10144.8693,s5_m7_l1
405401,000000405401.jpg,640,425,13,12,122,13476.1507,s1_m6_l6
405991,000000405991.jpg,640,427,11,6,71,40065.95935,s5_m4_l2
408040,000000408040.jpg,640,480,13,11,141,5851.01375,s2_m11_l0
408272,000000408272.jpg,640,427,13,7,92,4222.29265,s6_m7_l0
409216,000000409216.jpg,640,640,11,9,90,57315.081,s2_m7_l2
409572,000000409572.jpg,640,437,11,6,73,16706.10315,s5_m4_l2
415183,000000415183.jpg,640,254,13,9,112,11079.7468,s4_m8_l1
415388,000000415388.jpg,480,640,12,12,75,42694.2668,s0_m8_l4
415672,000000415672.jpg,640,421,13,7,79,8232.8715,s6_m7_l0
417074,000000417074.jpg,640,424,13,9,97,2584.57805,s3_m10_l0
417549,000000417549.jpg,640,480,11,10,81,110850.96305,s1_m8_l2
418042,000000418042.jpg,640,600,6,6,71,48444.73015,s0_m5_l1
419785,000000419785.jpg,640,474,13,13,119,30903.96845,s0_m8_l5
420005,000000420005.jpg,640,427,13,13,121,22969.4249,s0_m10_l3
420397,000000420397.jpg,501,640,12,10,75,50747.8826,s2_m5_l5
421648,000000421648.jpg,525,640,12,6,70,25562.69715,s6_m3_l3
422992,000000422992.jpg,480,640,12,12,79,29215.0994,s0_m10_l2
423019,000000423019.jpg,427,640,7,5,73,7726.31255,s2_m5_l0
426052,000000426052.jpg,640,480,13,10,88,15280.2059,s3_m7_l3
426300,000000426300.jpg,500,375,13,10,94,12016.8762,s3_m9_l1
426980,000000426980.jpg,612,612,13,9,85,9616.11095,s4_m8_l1
427221,000000427221.jpg,640,498,13,10,89,6345.38025,s3_m10_l0
427523,000000427523.jpg,640,366,13,7,77,4692.7223,s6_m7_l0
428142,000000428142.jpg,640,480,13,9,78,38570.3615,s4_m8_l1
428336,000000428336.jpg,640,486,13,9,94,21094.59455,s4_m8_l1
429246,000000429246.jpg,640,428,13,12,70,5749.44655,s1_m12_l0
430076,000000430076.jpg,640,278,13,12,167,12454.05065,s1_m9_l3
432328,000000432328.jpg,640,405,13,12,107,2178.1468,s1_m12_l0
432420,000000432420.jpg,480,640,13,5,76,4386.3889,s7_m6_l0
434837,000000434837.jpg,640,521,13,13,87,14130.65575,s0_m11_l2
435096,000000435096.jpg,640,446,13,6,70,23893.64755,s7_m4_l2
435579,000000435579.jpg,640,429,7,7,82,44865.9434,s0_m6_l1
437290,000000437290.jpg,640,425,13,13,117,13376.2881,s0_m12_l1
437516,000000437516.jpg,427,640,13,11,111,34989.75295,s2_m10_l1
437900,000000437900.jpg,640,425,13,13,86,12785.60655,s0_m12_l1
438055,000000438055.jpg,640,449,13,11,141,10431.25485,s2_m10_l1
441461,000000441461.jpg,640,428,10,9,78,26851.9557,s1_m3_l6
443688,000000443688.jpg,640,427,12,9,84,25966.77725,s3_m5_l4
443834,000000443834.jpg,640,480,7,7,107,20821.35775,s0_m6_l1
444953,000000444953.jpg,640,427,13,8,102,7691.07335,s5_m8_l0
445080,000000445080.jpg,640,379,13,12,88,7776.6361,s1_m12_l0
445574,000000445574.jpg,640,360,7,7,81,10010.2181,s0_m4_l3
447243,000000447243.jpg,640,480,12,10,81,17839.6598,s2_m7_l3
447546,000000447546.jpg,640,425,13,8,75,26400.56475,s5_m5_l3
447694,000000447694.jpg,640,424,11,7,70,18031.69955,s4_m6_l1
448317,000000448317.jpg,640,478,8,8,72,75955.26085,s0_m4_l4
448509,000000448509.jpg,640,427,13,12,80,33905.3097,s1_m7_l5
448656,000000448656.jpg,640,467,13,12,97,25975.7281,s1_m8_l4
448694,000000448694.jpg,640,427,13,6,79,15617.0581,s7_m3_l3
449808,000000449808.jpg,640,398,8,8,117,12578.7146,s0_m0_l8
451513,000000451513.jpg,640,480,12,9,69,22881.5454,s3_m6_l3
451573,000000451573.jpg,640,425,12,11,112,34399.82265,s1_m5_l6
452912,000000452912.jpg,640,523,12,12,153,25205.3896,s0_m6_l6
452982,000000452982.jpg,640,480,13,9,101,26800.46675,s4_m8_l1
453191,000000453191.jpg,640,480,12,10,102,3499.187,s2_m10_l0
453409,000000453409.jpg,640,480,13,9,77,7384.5551,s4_m9_l0
454255,000000454255.jpg,640,427,10,8,88,17360.50925,s2_m3_l5
454659,000000454659.jpg,640,478,11,8,79,37269.14115,s3_m6_l2
455079,000000455079.jpg,640,400,5,5,85,32534.283,s0_m0_l5
455408,000000455408.jpg,640,418,13,11,115,32036.54925,s2_m7_l4
455523,000000455523.jpg,640,480,12,6,82,2267.2195,s6_m6_l0
456545,000000456545.jpg,640,629,12,11,122,17144.70105,s1_m7_l4
458519,000000458519.jpg,640,345,7,6,77,11353.227,s1_m3_l3
458970,000000458970.jpg,640,480,13,9,79,3117.0384,s4_m9_l0
459644,000000459644.jpg,640,427,12,10,99,47267.16085,s2_m9_l1
459787,000000459787.jpg,405,336,11,6,70,9573.0401,s5_m5_l1
459953,000000459953.jpg,500,333,12,11,109,18128.7157,s1_m10_l1
463217,000000463217.jpg,640,427,13,7,85,9756.2234,s5_m7_l1
463851,000000463851.jpg,640,480,13,10,93,13973.97765,s3_m7_l3
464917,000000464917.jpg,640,427,13,11,117,20425.0181,s2_m5_l6
466694,000000466694.jpg,640,432,13,12,69,9162.12885,s1_m12_l0
466766,000000466766.jpg,640,481,13,13,143,7809.59985,s0_m13_l0
467678,000000467678.jpg,640,426,12,9,88,5796.6698,s3_m9_l0
467746,000000467746.jpg,640,503,13,12,132,7948.6072,s1_m12_l0
467774,000000467774.jpg,640,480,12,9,84,9795.18545,s3_m8_l1
467889,000000467889.jpg,640,522,11,9,80,122975.87875,s2_m6_l3
467979,000000467979.jpg,640,425,7,7,75,18552.6251,s0_m5_l2
469105,000000469105.jpg,640,431,8,8,94,17314.9733,s0_m6_l2
470036,000000470036.jpg,640,426,8,8,81,18117.7414,s0_m7_l1
470551,000000470551.jpg,640,480,13,11,92,8764.2462,s2_m11_l0
470658,000000470658.jpg,640,447,13,10,81,15662.7434,s3_m9_l1
471473,000000471473.jpg,640,427,10,9,104,18337.95355,s1_m8_l1
473403,000000473403.jpg,500,375,11,8,78,13639.469,s3_m7_l1
473575,000000473575.jpg,640,480,11,11,70,52262.5902,s0_m9_l2
475588,000000475588.jpg,640,480,13,12,125,10914.50615,s1_m11_l1
476846,000000476846.jpg,640,346,6,5,74,3423.644,s1_m5_l0
477079,000000477079.jpg,415,500,13,9,82,18138.1218,s4_m7_l2
477305,000000477305.jpg,640,480,13,11,108,16962.9317,s2_m9_l2
478755,000000478755.jpg,426,640,13,5,70,16000.72115,s8_m4_l1
479068,000000479068.jpg,640,441,13,9,103,12873.81545,s4_m6_l3
479176,000000479176.jpg,640,480,12,8,94,8379.91075,s4_m8_l0
479496,000000479496.jpg,640,479,11,8,93,20024.50475,s3_m2_l6
479697,000000479697.jpg,640,424,13,9,93,17767.2642,s4_m8_l1
480587,000000480587.jpg,640,427,13,11,106,10798.25295,s2_m9_l2
480818,000000480818.jpg,640,461,13,13,77,31242.1478,s0_m9_l4
482910,000000482910.jpg,640,426,13,8,103,11395.5617,s5_m6_l2
483135,000000483135.jpg,640,426,6,6,71,36040.94385,s0_m0_l6
485896,000000485896.jpg,640,393,9,7,78,4140.9005,s2_m7_l0
486620,000000486620.jpg,640,427,13,12,91,19661.9543,s1_m9_l3
486899,000000486899.jpg,467,500,13,13,95,19893.7495,s0_m9_l4
487204,000000487204.jpg,480,640,12,11,73,37438.40845,s1_m10_l1
487630,000000487630.jpg,640,427,10,7,77,13351.35645,s3_m6_l1
490347,000000490347.jpg,640,427,13,7,99,3789.3708,s6_m7_l0
490870,000000490870.jpg,640,427,9,7,84,18017.6479,s2_m3_l4
492154,000000492154.jpg,640,410,11,10,79,45285.85705,s1_m6_l4
493446,000000493446.jpg,640,396,13,13,114,13402.30615,s0_m11_l2
494904,000000494904.jpg,640,427,12,12,76,25938.9705,s0_m9_l3
494968,000000494968.jpg,640,442,13,9,71,6259.70365,s4_m9_l0
496499,000000496499.jpg,640,480,13,7,85,9898.5393,s6_m6_l1
496575,000000496575.jpg,640,428,13,10,114,15628.99155,s3_m5_l5
497393,000000497393.jpg,640,425,13,8,87,6004.9121,s5_m8_l0
497592,000000497592.jpg,640,485,13,13,193,5779.5662,s0_m13_l0
497610,000000497610.jpg,640,427,10,7,69,21080.90705,s3_m3_l4
498259,000000498259.jpg,640,431,13,10,77,6978.55775,s3_m10_l0
498639,000000498639.jpg,640,434,12,10,70,37762.3222,s2_m3_l7
498940,000000498940.jpg,640,503,10,8,83,44202.7691,s2_m4_l4
499915,000000499915.jpg,640,427,13,10,112,4720.9067,s3_m10_l0
503961,000000503961.jpg,640,469,11,10,80,25393.32955,s1_m3_l7
505099,000000505099.jpg,640,512,13,10,100,11628.90165,s3_m8_l2
505552,000000505552.jpg,640,480,10,10,80,35131.97645,s0_m7_l3
505962,000000505962.jpg,640,510,13,8,90,4065.8816,s5_m8_l0
506802,000000506802.jpg,640,427,13,8,72,16653.07555,s5_m6_l2
507187,000000507187.jpg,640,428,13,7,76,14348.61045,s6_m5_l2
507927,000000507927.jpg,640,427,12,8,85,16114.4866,s4_m7_l1
508130,000000508130.jpg,640,427,6,6,81,24082.5411,s0_m2_l4
508403,000000508403.jpg,640,427,11,7,91,20769.12795,s4_m6_l1
509267,000000509267.jpg,640,441,11,10,83,31227.50355,s1_m9_l1
509564,000000509564.jpg,640,427,13,12,135,15070.15175,s1_m8_l4
509876,000000509876.jpg,640,426,11,6,75,5611.95785,s5_m6_l0
510500,000000510500.jpg,640,400,13,9,124,6278.8098,s4_m9_l0
510771,000000510771.jpg,640,478,5,5,73,11100.6546,s0_m4_l1
511780,000000511780.jpg,640,458,12,8,102,10570.67915,s3_m8_l1
515224,000000515224.jpg,640,428,13,12,120,21134.2168,s1_m11_l1
517938,000000517938.jpg,640,428,13,10,104,7765.4556,s3_m10_l0
519993,000000519993.jpg,640,480,13,8,85,7790.8118,s5_m8_l0
520195,000000520195.jpg,220,155,5,5,75,1677.39975,s0_m5_l0
520457,000000520457.jpg,640,426,8,8,82,20643.52605,s0_m5_l3
520810,000000520810.jpg,640,427,13,11,137,7203.8224,s2_m11_l0
521003,000000521003.jpg,640,439,13,10,94,8883.82525,s3_m10_l0
521269,000000521269.jpg,640,429,6,6,77,30463.7739,s0_m2_l4
521752,000000521752.jpg,640,478,6,6,73,13865.68935,s0_m4_l2
522622,000000522622.jpg,640,427,10,9,87,23319.6293,s1_m7_l2
524962,000000524962.jpg,500,344,11,10,123,14544.34,s1_m9_l1
525087,000000525087.jpg,640,480,9,9,93,13819.9338,s0_m6_l3
525667,000000525667.jpg,640,480,9,7,83,32141.05725,s2_m4_l3
528142,000000528142.jpg,640,427,13,6,74,4770.88525,s7_m6_l0
532414,000000532414.jpg,396,640,8,7,71,47341.37175,s1_m5_l2
533827,000000533827.jpg,640,483,13,11,79,6612.9145,s2_m11_l0
534373,000000534373.jpg,640,457,10,9,79,43838.31835,s1_m4_l5
534662,000000534662.jpg,640,480,13,11,104,11269.1707,s2_m9_l2
534736,000000534736.jpg,640,427,13,8,87,24000.1575,s5_m6_l2
535460,000000535460.jpg,425,640,13,13,75,29751.5971,s0_m9_l4
536707,000000536707.jpg,640,480,13,12,103,18599.94065,s1_m9_l3
536743,000000536743.jpg,640,404,6,6,82,27723.9056,s0_m0_l6
537097,000000537097.jpg,543,640,12,5,73,34413.0241,s7_m2_l3
538230,000000538230.jpg,640,480,13,8,112,2009.26095,s5_m8_l0
538640,000000538640.jpg,640,480,13,7,79,2181.44695,s5_m8_l0
538701,000000538701.jpg,640,480,9,8,69,12653.63985,s1_m7_l1
538809,000000538809.jpg,640,480,7,6,82,6035.69175,s1_m6_l0
539298,000000539298.jpg,427,640,13,8,69,1876.94015,s5_m8_l0
539665,000000539665.jpg,640,426,11,9,73,19616.1895,s2_m7_l2
539897,000000539897.jpg,640,429,11,8,74,21772.8433,s3_m7_l1
540740,000000540740.jpg,640,424,11,7,95,9800.65145,s4_m5_l2
541391,000000541391.jpg,640,425,13,8,74,9586.9784,s5_m7_l1
542449,000000542449.jpg,479,640,9,8,71,22968.0528,s1_m4_l4
542881,000000542881.jpg,640,480,11,11,117,20658.04275,s0_m6_l5
546097,000000546097.jpg,500,341,13,13,171,6878.2063,s0_m13_l0
546773,000000546773.jpg,480,640,7,7,85,35590.46165,s0_m5_l2
547962,000000547962.jpg,640,640,12,11,73,25929.9691,s1_m7_l4
548010,000000548010.jpg,640,426,13,11,96,7484.7121,s2_m11_l0
548175,000000548175.jpg,500,248,12,11,83,12098.4349,s1_m9_l2
549017,000000549017.jpg,640,480,10,10,129,16427.8302,s0_m7_l3
549256,000000549256.jpg,375,500,6,6,75,25319.26825,s0_m3_l3
550944,000000550944.jpg,640,429,13,12,94,25878.98495,s1_m5_l7
551733,000000551733.jpg,500,332,13,7,80,11449.2045,s6_m5_l2
552159,000000552159.jpg,640,428,13,12,189,2209.0362,s1_m12_l0
553700,000000553700.jpg,640,428,13,9,106,5049.46755,s4_m9_l0
553774,000000553774.jpg,500,333,13,8,109,7026.8175,s5_m8_l0
554886,000000554886.jpg,640,500,9,8,84,53479.8492,s1_m2_l6
556089,000000556089.jpg,640,480,10,5,71,4362.54795,s5_m5_l0
556246,000000556246.jpg,640,338,5,5,76,9233.2014,s0_m4_l1
556342,000000556342.jpg,640,410,7,6,92,5859.77115,s1_m6_l0
557045,000000557045.jpg,640,426,13,11,146,14112.7772,s2_m10_l1
557717,000000557717.jpg,640,480,13,11,140,5834.17965,s2_m11_l0
557721,000000557721.jpg,640,427,10,10,124,29712.1134,s0_m9_l1
559483,000000559483.jpg,612,612,9,8,79,12696.58035,s1_m7_l1
560202,000000560202.jpg,640,421,8,8,88,14977.20395,s0_m7_l1
560576,000000560576.jpg,640,427,13,12,121,27185.74215,s1_m9_l3
560819,000000560819.jpg,640,519,12,12,95,62507.75555,s0_m11_l1
560890,000000560890.jpg,640,428,12,11,112,19080.2435,s1_m4_l7
560943,000000560943.jpg,640,480,13,7,74,13289.3806,s6_m6_l1
561539,000000561539.jpg,640,426,6,6,72,12599.9041,s0_m5_l1
562632,000000562632.jpg,640,480,13,8,72,8381.7605,s5_m8_l0
563628,000000563628.jpg,640,342,7,7,74,11233.70955,s0_m5_l2
568325,000000568325.jpg,458,640,11,10,69,71161.29205,s0_m9_l2
569174,000000569174.jpg,640,349,13,11,121,13620.8115,s2_m8_l3
569723,000000569723.jpg,426,640,13,10,75,19521.1162,s3_m9_l1
569969,000000569969.jpg,640,427,13,8,74,20565.0743,s5_m5_l3
570460,000000570460.jpg,640,455,13,10,86,4665.5108,s3_m10_l0
571648,000000571648.jpg,640,519,10,9,75,37919.39865,s1_m6_l3
571895,000000571895.jpg,334,500,13,7,89,9777.4105,s6_m6_l1
572182,000000572182.jpg,640,555,8,8,83,36634.1827,s0_m5_l3
573125,000000573125.jpg,640,480,13,10,91,32494.6647,s3_m6_l4
574155,000000574155.jpg,640,427,9,8,102,7260.86085,s1_m8_l0
574282,000000574282.jpg,640,436,13,8,98,11047.15525,s5_m6_l2
574332,000000574332.jpg,640,480,13,9,84,1775.61205,s4_m9_l0
574648,000000574648.jpg,640,413,13,10,78,6254.2202,s3_m10_l0
574885,000000574885.jpg,640,426,9,9,103,28913.2704,s0_m8_l1
575305,000000575305.jpg,500,333,12,11,96,17466.69115,s1_m10_l1
575901,000000575901.jpg,640,458,13,6,90,4550.8622,s7_m6_l0
576518,000000576518.jpg,640,480,13,11,123,10595.09765,s2_m9_l2
577083,000000577083.jpg,640,529,13,12,130,19310.8385,s1_m8_l4
578890,000000578890.jpg,640,480,13,9,91,3838.3895,s4_m9_l0
578918,000000578918.jpg,640,480,13,12,89,34525.78575,s1_m11_l1
579123,000000579123.jpg,640,421,13,7,69,14812.9339,s6_m6_l1
579137,000000579137.jpg,640,514,13,10,97,16802.55145,s3_m9_l1
579533,000000579533.jpg,640,457,11,9,71,56295.6542,s2_m6_l3
579901,000000579901.jpg,426,640,13,13,87,66371.6081,s0_m10_l3
579925,000000579925.jpg,640,425,12,6,94,3872.38415,s6_m6_l0
579947,000000579947.jpg,640,425,13,7,82,11639.3693,s6_m6_l1
581108,000000581108.jpg,640,419,13,7,84,6598.6616,s6_m7_l0
581310,000000581310.jpg,428,640,13,13,145,17957.9608,s0_m12_l1
